,Model,RMSE,R² Score
0,Ridge Regression,39023.21929720226,0.8014671601723199
1,Random Forest,31314.913603769717,0.8721535711098293
2,XGBoost,28225.992434964424,0.8961313212217557
